{"ip:::1": 1775472003.269046, "email:zhaofeixiang98@gmail.com": 1775471973.263045, "email:1442987751@qq.com": 1775472003.269046, "ip:::ffff:127.0.0.1": 1775444639.759548}