{"ip:::1": 1775472003.269046, "email:info@wtscrews.com": 1775471973.263045, "email:info@wtscrews.com": 1775472003.269046, "ip:::ffff:127.0.0.1": 1775444639.759548}